datetime,power,Wind_Speed
2019-02-13,-0.0030000000000000014,1.220260869565217
2019-02-14,16.22455025,2.21875
2019-02-15,11.045622864583319,2.7287604166666664
2019-02-16,31.48477508333333,3.35925
2019-02-17,140.2849370625,4.7117708333333335
2019-02-18,224.743,5.8845520833333325
2019-02-19,140.41682263541668,4.851552083333334
2019-02-20,39.997522552083325,3.598666666666666
2019-02-21,59.75500957291666,3.8249999999999997
2019-02-22,48.97541551041665,3.5087812500000006
2019-02-23,186.59788529166664,5.0332291666666675
2019-02-24,337.9993948958335,6.088374999999999
2019-02-25,257.7113225729167,5.495135416666668
2019-02-26,146.71880631250005,4.724177083333333
2019-02-27,40.72555020833332,2.910416666666665
2019-02-28,318.41378125,6.248499999999999
2019-03-01,221.16964580208335,5.713510416666668
2019-03-02,245.04769005208334,5.6410833333333334
2019-03-03,923.79784375,9.723364583333336
2019-03-04,988.6924062187501,10.692791666666666
2019-03-05,549.3799583333333,7.583364583333334
2019-03-06,716.8726770833334,8.551989583333333
2019-03-07,1181.7605104166666,11.499
2019-03-08,617.01053125,7.878395833333337
2019-03-09,990.5640520833334,10.362510416666664
2019-03-10,464.1901135833338,10.978239583333334
2019-03-11,612.7647078958335,9.047802083333334
2019-03-12,930.72740625,9.841708333333335
2019-03-13,883.5186354166666,9.66335416666667
2019-03-14,843.82403125,9.282291666666667
2019-03-15,856.084,9.774302083333332
2019-03-16,1086.8521875,10.644208333333337
2019-03-17,752.0133645833333,8.622802083333331
2019-03-18,181.82655180208346,5.158333333333334
2019-03-19,17.77330045833332,2.541781250000001
2019-03-20,7.372262229166646,2.1939791666666655
2019-03-21,67.59516113541666,3.907520833333333
2019-03-22,67.32102533333344,3.9540520833333335
2019-03-23,119.13785128125,3.981249999999998
2019-03-24,216.4845509479167,5.598260416666666
2019-03-25,564.7670833333334,7.678937499999999
2019-03-26,131.11481218750004,4.822687500000002
2019-03-27,20.866706364583337,2.7592604166666663
2019-03-28,116.08143641666666,4.570864583333335
2019-03-29,146.67077173958333,4.979083333333334
2019-03-30,62.72485344791675,3.912614583333335
2019-03-31,240.5831968541667,4.879489583333331
2019-04-01,286.64446933333335,5.949302083333335
2019-04-02,371.8298014375,6.3594895833333345
2019-04-03,138.06045802083332,4.842479166666666
2019-04-04,18.74843499999998,2.2709479166666666
2019-04-05,49.404233406250015,3.3158750000000006
2019-04-06,31.541157520833327,3.346291666666667
2019-04-07,57.977839427083346,3.6299791666666663
2019-04-08,13.033414291666666,2.5238437500000006
2019-04-09,4.6362057708333335,1.9643541666666664
2019-04-10,259.98526035416666,6.161916666666666
2019-04-11,308.8630729166667,6.356020833333332
2019-04-12,343.86217708333334,6.55815625
2019-04-13,181.20171875,5.372218750000002
2019-04-14,92.6263534375,4.359604166666665
2019-04-15,147.80060397916668,4.971875
2019-04-16,295.20045830208335,6.305791666666669
2019-04-17,94.72967655208342,4.329114583333333
2019-04-18,336.8630729166667,6.502083333333331
2019-04-19,246.10039115625005,5.8820625
2019-04-20,225.44883327083338,5.889124999999999
2019-04-21,216.94539577083336,5.843406249999998
2019-04-22,284.9407291666667,6.379281249999999
2019-04-23,278.7521873437501,5.998354166666669
2019-04-24,457.1633597708333,7.151270833333332
2019-04-25,631.2588229166666,8.154625000000001
2019-04-26,87.15581779166666,4.365395833333333
2019-04-27,423.7691875,7.262385416666664
2019-04-28,116.11691616666658,4.464583333333333
2019-04-29,66.94002940625,3.0849583333333324
2019-04-30,127.57191641666671,5.111343750000001
2019-05-01,34.95242146874998,2.8471041666666665
2019-05-02,89.09428015625,4.036458333333334
2019-05-03,76.38656762500004,4.221177083333333
2019-05-04,238.27509359375,5.68020833333333
2019-05-05,203.07324811458332,5.414124999999999
2019-05-06,44.25577993750002,3.4660833333333314
2019-05-07,6.9490519999999965,2.6725729166666667
2019-05-08,459.71215625,7.171062500000001
2019-05-09,287.1942184375001,5.906354166666666
2019-05-10,161.14088628124992,5.074999999999998
2019-05-11,236.52840621875004,5.822687499999997
2019-05-12,282.7052395833333,6.2605312500000005
2019-05-13,416.9174375,7.057875
2019-05-14,365.25946875,6.749072916666663
2019-05-15,296.28578125,6.611458333333345
2019-05-16,296.186,6.600000000000012
2019-05-17,296.186,6.600000000000012
2019-05-18,296.186,6.600000000000012
2019-05-19,296.186,6.600000000000012
2019-05-20,296.186,6.600000000000012
2019-05-21,296.186,6.600000000000012
2019-05-22,296.186,6.600000000000012
2019-05-23,296.186,6.600000000000012
2019-05-24,296.186,6.600000000000012
2019-05-25,296.186,6.600000000000012
2019-05-26,296.186,6.600000000000012
2019-05-27,296.186,6.600000000000012
2019-05-28,296.186,6.600000000000012
2019-05-29,296.186,6.600000000000012
2019-05-30,296.186,6.600000000000012
2019-05-31,296.186,6.600000000000012
2019-06-01,296.186,6.600000000000012
2019-06-02,296.186,6.600000000000012
2019-06-03,296.186,6.600000000000012
2019-06-04,296.186,6.600000000000012
2019-06-05,296.186,6.600000000000012
2019-06-06,296.186,6.600000000000012
2019-06-07,296.186,6.600000000000012
2019-06-08,296.186,6.600000000000012
2019-06-09,296.186,6.600000000000012
2019-06-10,296.186,6.600000000000012
2019-06-11,296.186,6.600000000000012
2019-06-12,296.186,6.600000000000012
2019-06-13,296.186,6.600000000000012
2019-06-14,296.186,6.600000000000012
2019-06-15,296.186,6.600000000000012
2019-06-16,296.186,6.600000000000012
2019-06-17,296.186,6.600000000000012
2019-06-18,296.186,6.600000000000012
2019-06-19,296.186,6.600000000000012
2019-06-20,296.186,6.600000000000012
2019-06-21,296.186,6.600000000000012
2019-06-22,296.186,6.600000000000012
2019-06-23,296.186,6.600000000000012
2019-06-24,296.186,6.600000000000012
2019-06-25,296.186,6.600000000000012
2019-06-26,296.186,6.600000000000012
2019-06-27,247.43597916666667,6.244791666666668
2019-06-28,130.67884583333336,5.192124999999999
2019-06-29,125.16056149999983,4.858447916666667
2019-06-30,85.38722638541668,4.456020833333334
2019-07-01,101.79635376041666,4.7645833333333325
2019-07-02,80.64438485416666,4.40028125
2019-07-03,188.0598799166667,5.678791666666665
2019-07-04,105.28037470833321,4.187270833333332
2019-07-05,44.440478135416654,3.7973333333333295
2019-07-06,142.435,6.399999999999988
2019-07-07,142.435,6.399999999999988
2019-07-08,138.73123958333335,5.907291666666663
2019-07-09,82.84683904166667,4.497916666666665
2019-07-10,18.673761322916658,2.9354166666666663
2019-07-11,48.570364239583334,3.7200729166666675
2019-07-12,149.7991351458333,4.797572916666666
2019-07-13,96.32272011458332,4.560645833333333
2019-07-14,178.92206237499997,5.495145833333331
2019-07-15,100.02133302083338,4.687041666666668
2019-07-16,15.067372781249981,2.6131250000000015
2019-07-17,49.70218637499999,3.5137708333333326
2019-07-18,89.01253161458334,4.223145833333333
2019-07-19,72.86333579166673,3.805208333333331
2019-07-20,259.2273228229167,6.118520833333335
2019-07-21,58.002486312500054,3.935187499999999
2019-07-22,-0.19708620833333348,1.963083333333335
2019-07-23,128.73023908333326,5.004635416666669
2019-07-24,27.38374853124999,3.2254583333333327
2019-07-25,30.440917072916665,3.5731458333333346
2019-07-26,160.92509290624986,5.084604166666665
2019-07-27,144.34244330208327,4.7788125
2019-07-28,149.97510416666665,5.26145833333333
2019-07-29,2.963914416666647,2.2043958333333338
2019-07-30,98.63588472916668,4.534583333333333
2019-07-31,142.60479790624998,5.161114583333331
2019-08-01,20.250606749999992,3.1184062499999996
2019-08-02,121.78685504166666,4.344677083333332
2019-08-03,98.14644754166673,4.7024374999999985
2019-08-04,96.16601603125017,4.332604166666668
2019-08-05,114.69620843749995,4.713187500000001
2019-08-06,21.978738083333326,3.369791666666666
2019-08-07,60.46669701041669,3.8969895833333332
2019-08-08,38.779894302083335,3.4601875000000017
2019-08-09,74.71250985416674,4.224479166666667
2019-08-10,108.78768534374964,8.607291666666667
2019-08-11,-3.000000000000002e-06,4.462385416666668
2019-08-12,-3.000000000000002e-06,4.3468333333333335
2019-08-13,27.88449015625,4.14178125
2019-08-14,75.20841569791666,3.876625
2019-08-15,149.34916516666644,6.2447916666666705
2019-08-16,23.422134135416666,3.89603125
2019-08-17,78.39055086458333,6.059020833333336
2019-08-18,67.98913391666689,7.355531249999999
2019-08-19,82.56653218750003,4.279166666666667
2019-08-20,2.0737719166666664,1.915854166666666
2019-08-21,15.050742166666666,2.7113958333333343
2019-08-22,14.736154593749985,2.860958333333334
2019-08-23,47.134554625,3.935260416666667
2019-08-24,50.26501007291667,4.229052083333333
2019-08-25,0.9208898854166668,2.5174791666666656
2019-08-26,24.68767577083332,3.168406249999999
2019-08-27,21.749185749999985,3.155791666666667
2019-08-28,38.567341791666664,3.753010416666666
2019-08-29,47.320832083333336,3.4791666666666665
2019-08-30,-0.19564817708333365,2.135760416666667
2019-08-31,92.38162418749998,4.427427083333333
2019-09-01,81.65853452083341,4.4511562499999995
2019-09-02,27.716344822916664,3.5070625000000004
2019-09-03,19.526820260416667,3.1732604166666665
2019-09-04,94.97266507291656,4.563083333333334
2019-09-05,71.9663003333334,5.438885416666667
2019-09-06,18.18444694791666,3.1841458333333335
2019-09-07,19.27930048958332,2.856708333333335
2019-09-08,45.04505059375003,3.703010416666665
2019-09-09,5.1456024479166524,2.756166666666667
2019-09-10,7.009393520833334,2.258072916666667
2019-09-11,84.32369701041667,3.923479166666666
2019-09-12,131.65650105208334,5.142822916666668
2019-09-13,32.808207052083326,3.3391249999999997
2019-09-14,206.64060470833317,5.46053125
2019-09-15,14.280196197916652,2.63090625
2019-09-16,30.375040104166665,3.160072916666666
2019-09-17,131.72353096874997,4.9158541666666675
2019-09-18,220.67211455208334,5.95128125
2019-09-19,241.68927083333335,6.1505833333333335
2019-09-20,267.88915618749996,6.096531249999998
2019-09-21,172.99462462499997,5.431479166666665
2019-09-22,104.58159359374999,4.772572916666667
2019-09-23,52.822210354166806,3.782875000000001
2019-09-24,128.2575307187499,5.8505833333333355
2019-09-25,204.2081036041667,6.06990625
2019-09-26,167.54902990624979,6.899333333333334
2019-09-27,-3.000000000000002e-06,6.479833333333336
2019-09-28,67.19594535416698,7.75446875
2019-09-29,252.98348720833334,10.353354166666664
2019-09-30,451.3469895833333,7.457999999999999
2019-10-01,556.9877604166667,8.088489583333331
2019-10-02,294.10781246875,6.417010416666668
2019-10-03,26.297681833333325,3.3928125000000002
2019-10-04,324.8200416041667,6.3131354166666656
2019-10-05,137.88100991666659,4.656541666666667
2019-10-06,36.33373755208332,3.3918854166666654
2019-10-07,74.26073565624999,3.9378229166666663
2019-10-08,470.4819166666667,7.392041666666663
2019-10-09,399.3542083333333,6.837385416666664
2019-10-10,452.8577916354167,7.385062500000001
2019-10-11,513.1319895833333,7.758520833333333
2019-10-12,626.7036979166667,8.246020833333333
2019-10-13,688.0055729166667,8.68096875
2019-10-14,317.3612395833333,6.587947916666668
2019-10-15,107.0832492812501,4.445593749999998
2019-10-16,582.32534375,7.925927083333335
2019-10-17,563.5650416666666,7.975291666666666
2019-10-18,467.7679885833338,8.170937499999999
2019-10-19,381.10368414583337,6.537395833333332
2019-10-20,117.51126983333337,4.123260416666667
2019-10-21,419.984125,6.928729166666666
2019-10-22,95.33146690624999,3.4699062500000006
2019-10-23,293.83194766666674,5.851031250000005
2019-10-24,229.61694744791663,5.312291666666664
2019-10-25,308.89323955208334,6.6282916666666685
2019-10-26,576.9822395833334,8.125437500000002
2019-10-27,240.79874950000024,5.33925
2019-10-28,153.82594785416666,5.049072916666664
2019-10-29,279.905625,6.085333333333334
2019-10-30,390.1335833333333,6.7764999999999995
2019-10-31,209.32746865624995,5.463031249999999
2019-11-01,389.52329151041664,6.373760416666666
2019-11-02,863.5113958333334,9.665708333333333
2019-11-03,537.1373645833334,7.788479166666666
2019-11-04,503.3995,7.624187499999997
2019-11-05,185.72978793750048,4.806020833333331
2019-11-06,52.173634229166694,3.7030624999999993
2019-11-07,491.56922913541666,7.4116875
2019-11-08,46.98332107291694,2.722572916666668
2019-11-09,55.48584718750004,3.7907395833333317
2019-11-10,21.706529031249982,2.4087916666666693
2019-11-11,320.712062125,5.9624999999999995
2019-11-12,527.0667184062502,8.053416666666665
2019-11-13,272.0788333333333,6.197635416666665
2019-11-14,349.01975,6.7732187500000025
2019-11-15,354.887,6.833000000000003
2019-11-16,354.887,6.833000000000003
2019-11-17,354.887,6.833000000000003
2019-11-18,354.887,6.833000000000003
2019-11-19,354.887,6.833000000000003
2019-11-20,354.887,6.833000000000003
2019-11-21,354.887,6.833000000000003
2019-11-22,354.887,6.833000000000003
2019-11-23,354.887,6.833000000000003
2019-11-24,354.887,6.833000000000003
2019-11-25,209.65924928124986,5.338385416666668
2019-11-26,381.3371353854167,6.906364583333333
2019-11-27,581.6844674687502,11.03159375
2019-11-28,919.5149583333334,9.781833333333331
2019-11-29,100.75505195833331,4.490395833333335
2019-11-30,90.54773167708335,3.435874999999999
2019-12-01,288.9451391458333,5.955791666666667
2019-12-02,50.053613427083505,3.859520833333331
2019-12-03,11.800799864583336,2.5087916666666676
2019-12-04,64.65256870833343,3.6846041666666665
2019-12-05,47.88407141666667,3.248958333333334
2019-12-06,401.9509471354168,7.238885416666665
2019-12-07,420.3707604166667,6.914927083333332
2019-12-08,988.3116770833334,10.093593749999998
2019-12-09,846.3760520833333,9.323614583333336
2019-12-10,261.4345102291667,5.662739583333335
2019-12-11,431.774,6.841010416666669
2019-12-12,448.4635,7.0122187500000015
2019-12-13,841.0059791666666,9.447885416666667
2019-12-14,1120.6525104166667,11.083447916666662
2019-12-15,707.2519895833334,8.634541666666669
2019-12-16,395.5517708333333,6.699458333333335
2019-12-17,694.3840208333334,8.570020833333333
2019-12-18,168.32406171875013,4.703541666666667
2019-12-19,936.57640625,9.61354166666667
2019-12-20,923.35865625,9.655666666666665
2019-12-21,481.0829270833333,7.360531250000001
2019-12-22,793.01159375,8.962614583333334
2019-12-23,330.23809375,6.372218749999999
2019-12-24,672.7245208333334,8.58634375
2019-12-25,373.73040406250027,6.297416666666671
2019-12-26,98.22137384374999,3.8633125000000006
2019-12-27,130.75004141666662,4.6873854166666655
2019-12-28,27.5919985,3.2021354166666676
2019-12-29,50.455797604166676,3.4662083333333378
2019-12-30,39.29600869791667,2.670833333333334
2019-12-31,115.41678185416664,4.107
2020-01-01,11.483009947916647,2.6376145833333347
2020-01-02,77.9836849375,4.680489583333334
2020-01-03,764.0254166666666,8.892479166666666
2020-01-04,132.35742702083334,4.719791666666666
2020-01-05,5.926029124999982,2.6175937499999997
2020-01-06,11.89757057291666,3.0112291666666646
2020-01-07,131.79608223958334,5.169677083333332
2020-01-08,378.0051770833333,6.697802083333335
2020-01-09,754.25275,8.764822916666667
2020-01-10,561.9570311250001,7.228239583333331
2020-01-11,116.62292670833332,4.443406249999998
2020-01-12,600.0582291666666,7.9648125
2020-01-13,362.7921979166667,6.631479166666666
2020-01-14,1225.0023958333334,11.09375
2020-01-15,943.12159375,9.761343750000002
2020-01-16,286.36456277083334,5.970604166666665
2020-01-17,397.17747910416665,6.867083333333333
2020-01-18,135.9996875,4.7758125
2020-01-19,86.39167645833332,4.337270833333329
2020-01-20,235.81682291666667,5.89571875
2020-01-21,187.38345755208323,4.9152708333333335
2020-01-22,197.30956159375015,4.932989583333334
2020-01-23,73.68477950000025,4.1567083333333334
2020-01-24,-0.10218002083333357,2.243520833333334
2020-01-25,-3.000000000000002e-06,1.3770833333333334
2020-01-26,82.76500885416667,3.4136562499999985
2020-01-27,880.0720729166667,9.529520833333335
2020-01-28,885.0831770833333,9.678447916666668
2020-01-29,452.77390625,7.274604166666667
2020-01-30,526.1981977291666,7.875583333333338
2020-01-31,596.4868229166666,8.015624999999998
2020-02-01,814.3347916666667,9.263427083333328
2020-02-02,689.6140625,8.498031249999999
2020-02-03,419.5291768958334,6.825458333333331
2020-02-04,493.10543743750003,7.419906249999998
2020-02-05,48.78447779166686,3.3122083333333343
2020-02-06,26.35888313541666,2.627083333333333
2020-02-07,117.20105105208316,4.09878125
2020-02-08,230.73580189583333,5.649541666666664
2020-02-09,1157.5658436249998,13.075343750000002
2020-02-10,1195.8814371875,14.47604166666666
2020-02-11,1260.8087395833334,11.894437500000004
2020-02-12,721.19171875,8.5528125
2020-02-13,874.31396875,9.18704166666667
2020-02-14,255.1860625,6.045833333333338
2020-02-15,684.0813229166666,8.40254166666667
2020-02-16,1439.5789791666668,13.534739583333335
2020-02-17,667.3190833333334,8.382187500000002
2020-02-18,664.8643541666667,8.514927083333331
2020-02-19,561.0793854166666,7.771062499999995
2020-02-20,844.3581458333334,9.314916666666667
2020-02-21,383.0318854166667,6.737875
2020-02-22,848.5016979166667,9.232593749999998
2020-02-23,1193.6441145833332,11.726156249999997
2020-02-24,588.1916036666667,7.341083333333331
2020-02-25,618.20043746875,8.10821875
2020-02-26,534.19996875,7.840395833333336
2020-02-27,343.51995789583356,6.736760416666665
2020-02-28,279.54265431249996,6.462916666666668
2020-02-29,1048.0206666666666,10.500593750000002
2020-03-01,804.7422083333333,9.309249999999993
2020-03-02,264.28932257291683,5.5410833333333365
2020-03-03,174.75106167708333,5.0614583333333325
2020-03-04,150.39616660416664,4.987906250000001
2020-03-05,379.8067395833333,6.70278125
2020-03-06,496.2086875,7.491895833333332
2020-03-07,104.816843125,4.514124999999999
2020-03-08,701.3930625,8.365624999999998
2020-03-09,195.3032623125,5.375354166666668
2020-03-10,922.1571145833334,9.593812499999999
2020-03-11,975.9684479166666,10.073614583333331
2020-03-12,791.6828125,9.224510416666668
2020-03-13,438.10834346875015,6.70289583333333
2020-03-14,100.52216535416666,3.7456562499999992
2020-03-15,327.0616145833333,6.368479166666668
2020-03-16,69.88428037500013,3.876156249999997
2020-03-17,13.903112770833332,2.845833333333333
2020-03-18,21.707633572916656,2.963427083333332
2020-03-19,28.351077770833335,2.5885416666666665
2020-03-20,237.96226038541667,5.752427083333334
2020-03-21,624.1786354166667,8.056187499999998
2020-03-22,619.6694061875,8.014697916666668
2020-03-23,467.84109375,7.2067083333333315
2020-03-24,227.06583330208335,5.443635416666667
2020-03-25,335.1153853854167,6.276739583333332
2020-03-26,449.9545208020834,7.039697916666665
2020-03-27,208.56865625,5.661927083333333
2020-03-28,483.9163541666667,7.637760416666667
2020-03-29,1005.4810729166667,10.235270833333333
2020-03-30,384.30775,6.805093749999998
2020-03-31,160.33632291666666,5.112260416666666
2020-04-01,34.59915481249999,3.081020833333333
2020-04-02,6.473877437499982,4.0491874999999995
2020-04-03,-3.000000000000002e-06,4.175479166666666
2020-04-04,-3.000000000000002e-06,3.388885416666666
2020-04-05,-3.000000000000002e-06,6.415968749999998
2020-04-06,-3.000000000000002e-06,5.823854166666667
2020-04-07,-3.000000000000002e-06,4.834208333333334
2020-04-08,-3.000000000000002e-06,3.259260416666668
2020-04-09,-0.12979457291666688,3.046062500000001
2020-04-10,62.54637303125,5.127416666666666
2020-04-11,151.60184224999975,4.084145833333333
2020-04-12,29.491227229166647,2.811177083333334
2020-04-13,340.77250979166666,5.88321875
2020-04-14,95.79279038541648,4.882874999999999
2020-04-15,-3.000000000000002e-06,5.086979166666666
2020-04-16,-3.000000000000002e-06,3.3372708333333336
2020-04-17,-0.5798258541666658,2.608333333333334
2020-04-18,-3.000000000000002e-06,3.565968750000001
2020-04-19,186.46427974999997,4.779927083333333
2020-04-20,625.9729791666666,8.41180208333333
2020-04-21,380.8780620625002,7.731479166666667
2020-04-22,413.99328125,7.06446875
2020-04-23,236.89972863541692,5.1777291666666665
2020-04-24,164.54197832291666,5.145656250000001
2020-04-25,64.07066610416666,3.9806562500000027
2020-04-26,32.413149656249985,2.8569270833333333
2020-04-27,34.74313379166665,3.2429166666666673
2020-04-28,232.7574992812501,5.465427083333335
2020-04-29,345.3755625,6.731947916666667
2020-04-30,616.9135520833333,8.237499999999999
2020-05-01,392.67323948958335,6.865739583333334
2020-05-02,280.01393772916674,5.972458333333332
2020-05-03,2.0405495520833337,2.281135416666666
2020-05-04,137.89828078125,4.966958333333333
2020-05-05,212.11278106249998,5.692708333333332
2020-05-06,152.8373850416666,4.946697916666666
2020-05-07,14.275456270833317,2.484489583333334
2020-05-08,26.748039322916668,2.4518437500000014
2020-05-09,94.7496134583335,3.9769687500000006
2020-05-10,51.823779874999985,3.3376145833333326
2020-05-11,887.10915625,9.792468749999998
2020-05-12,122.32074896874983,4.111104166666666
2020-05-13,216.64884359375003,5.480687499999999
2020-05-14,157.43882154166644,6.502177083333334
2020-05-15,53.180310489583334,5.452677083333335
2020-05-16,89.61924878125016,3.9012083333333334
2020-05-17,39.555925739583316,3.1843124999999985
2020-05-18,42.600439968749996,3.451885416666666
2020-05-19,55.91313432291666,3.860072916666667
2020-05-20,43.19507208333332,3.7991458333333306
2020-05-21,75.4646889687502,3.7267291666666673
2020-05-22,222.54152544791668,5.931125000000002
2020-05-23,136.049405625,4.7210625
2020-05-24,168.11689570833332,5.308666666666666
2020-05-25,115.78988519791666,4.98721875
2020-05-26,109.90932432291667,4.681135416666667
2020-05-27,50.12152481249999,3.25625
2020-05-28,268.88475,6.273499999999999
2020-05-29,201.15283330208334,5.592343750000001
2020-05-30,251.87979166666665,6.124239583333332
2020-05-31,169.25448521875,5.551208333333334
2020-06-01,153.35729163541666,5.606083333333334
2020-06-02,90.32719647916643,3.801968750000001
2020-06-03,70.55511753125005,3.734104166666667
2020-06-04,72.55501961458333,4.174999999999999
2020-06-05,145.09394804166683,7.139666666666666
2020-06-06,224.51833273958343,6.621468749999997
2020-06-07,85.46773009375009,4.168687500000002
2020-06-08,27.303602739583333,3.0980416666666675
2020-06-09,15.510857249999987,4.053822916666666
2020-06-10,-0.03803421875000006,3.43546875
2020-06-11,50.95181099999999,4.4717604166666645
2020-06-12,194.4050936875,5.619250000000001
2020-06-13,33.528114239583324,3.22146875
2020-06-14,68.09237173958334,4.277687499999999
2020-06-15,9.434393895833333,2.8847187500000016
2020-06-16,14.82681028125,2.690593750000001
2020-06-17,42.13534187500001,2.8435312499999994
2020-06-18,63.13675234375001,4.042062499999999
2020-06-19,57.68123170833337,3.9369895833333324
2020-06-20,10.25357082291666,2.676104166666667
2020-06-21,44.16843615625,3.4611666666666667
2020-06-22,47.92906977083332,3.6271770833333346
2020-06-23,94.71799968750005,4.741083333333333
2020-06-24,152.76608314583336,5.592250000000003
2020-06-25,175.25459371875002,5.664135416666666
2020-06-26,111.08786507291663,4.507604166666667
2020-06-27,324.1208954270833,6.2458333333333345
2020-06-28,384.61998958333334,7.11871875
2020-06-29,246.1537185625,5.811416666666667
2020-06-30,261.20689583333336,6.244979166666666
2020-07-01,301.5460625,6.6669791666666685
2020-07-02,152.76714539583332,4.849322916666667
2020-07-03,103.53845295833335,4.727427083333335
2020-07-04,466.2507291666667,7.58576041666667
2020-07-05,494.27634375,7.974250000000001
2020-07-06,311.88279166666666,6.5889895833333325
2020-07-07,33.477727947916655,3.254854166666668
2020-07-08,93.58486452083332,4.787052083333334
2020-07-09,233.65241538541673,5.819895833333335
2020-07-10,136.25909879166667,5.097124999999998
2020-07-11,30.702053562499994,3.710270833333333
2020-07-12,94.43778106250001,4.529281250000001
2020-07-13,166.03589467708315,4.420135416666666
2020-07-14,50.38303009375001,3.555072916666667
2020-07-15,32.10033233333333,3.6241875
2020-07-16,51.496106239583334,3.841666666666668
2020-07-17,29.14092769791666,3.387729166666666
2020-07-18,28.32441491666665,2.8731458333333335
2020-07-19,42.02752765625,3.9762708333333325
2020-07-20,124.77728078125006,5.372916666666669
2020-07-21,90.20165574999999,4.505552083333331
2020-07-22,87.42091806250012,4.387322916666668
2020-07-23,23.35767570833332,3.157291666666666
2020-07-24,63.01102990625,3.8447916666666675
2020-07-25,78.33189505208334,4.078124999999999
2020-07-26,195.43668740625003,5.546875
2020-07-27,268.4369783541667,5.5679375
2020-07-28,278.25979160416665,6.163104166666667
2020-07-29,25.713735635416658,3.339572916666666
2020-07-30,82.58482154166687,3.7163541666666657
2020-07-31,90.7069573020835,4.246875
2020-08-01,98.8454575520834,4.313656249999997
2020-08-02,72.01485983333333,4.4177083333333345
2020-08-03,43.94951862499999,3.6208333333333322
2020-08-04,36.11338451041666,3.602427083333334
2020-08-05,31.696794999999995,3.3085625000000007
2020-08-06,56.33566622916666,4.148989583333331
2020-08-07,36.068416166666665,3.8754270833333355
2020-08-08,8.741914604166668,2.5664374999999993
2020-08-09,169.63248830208332,4.3447916666666675
2020-08-10,139.03954911458325,4.560541666666668
2020-08-11,228.6457579270832,5.410416666666667
2020-08-12,184.2578015208334,5.020489583333333
2020-08-13,76.89990506250005,3.8041666666666667
2020-08-14,38.958836218749994,3.710927083333333
2020-08-15,43.10385443749998,3.107291666666668
2020-08-16,73.87235351041677,4.24375
2020-08-17,131.4638100625,4.843749999999999
2020-08-18,48.21303012500005,3.6493020833333323
2020-08-19,62.881009135416676,3.6010416666666667
2020-08-20,220.7341275729167,5.420604166666666
2020-08-21,359.9237185625001,6.687499999999994
2020-08-22,364.53544791666667,7.09015625
2020-08-23,197.43153109375,5.507291666666667
2020-08-24,48.67046793750005,3.796197916666667
2020-08-25,367.14346771875,6.151041666666668
2020-08-26,1030.6305,11.002666666666663
2020-08-27,87.9781790833333,4.005208333333333
2020-08-28,273.1869477916667,6.041666666666669
2020-08-29,104.24382241666659,4.449999999999998
2020-08-30,49.57081257291666,3.632135416666667
2020-08-31,118.98172167708333,4.873958333333333
2020-09-01,84.99951653125001,4.3531249999999995
2020-09-02,11.34193757291665,2.5047499999999996
2020-09-03,86.64251964583333,4.019343749999998
2020-09-04,149.00831224999996,5.093749999999999
2020-09-05,88.09389091666665,4.230885416666666
2020-09-06,16.18224790625,2.490781249999999
2020-09-07,-0.28396469791666556,2.509375
2020-09-08,13.079758447916662,2.9501666666666666
2020-09-09,7.590084302083332,2.7162291666666665
2020-09-10,64.8025929375,3.994791666666668
2020-09-11,2.4629453541666537,2.4291666666666667
2020-09-12,30.25857116666666,3.7697916666666647
2020-09-13,8.160138510416644,1.9684062500000012
2020-09-14,28.449665635416657,3.5177083333333328
2020-09-15,6.325028874999979,2.2330416666666673
2020-09-16,78.98485064583335,3.385416666666666
2020-09-17,312.7938541666667,6.672916666666667
2020-09-18,284.60615625,6.444791666666666
2020-09-19,100.9896968541668,4.326041666666667
2020-09-20,82.06383280208333,4.561458333333335
2020-09-21,38.01900879166665,3.056249999999998
2020-09-22,12.206612614583332,2.821875000000001
2020-09-23,205.67221834375002,5.609374999999999
2020-09-24,471.0913125,7.457291666666666
2020-09-25,610.5269479166666,8.127083333333333
2020-09-26,616.3554583333333,8.068750000000001
2020-09-27,149.50568684374988,4.816666666666667
2020-09-28,72.41336330208334,3.610416666666666
2020-09-29,32.451362385416665,3.588541666666668
2020-09-30,27.783535979166658,3.335416666666665
2020-10-01,210.68385429166676,5.555124999999999
2020-10-02,364.9346770520834,6.689583333333331
2020-10-03,321.5037080520833,6.1739583333333306
2020-10-04,915.2286666666666,9.686458333333336
2020-10-05,825.7429375,9.196875000000002
2020-10-06,765.4220416666666,9.039583333333335
2020-10-07,294.4208854166667,6.3999999999999995
2020-10-08,730.8461458333334,8.736239583333335
2020-10-09,287.9094895833333,6.039583333333336
2020-10-10,140.94529151041667,4.9760416666666645
2020-10-11,40.88823688541666,3.4510416666666672
2020-10-12,28.468197072916663,3.404166666666667
2020-10-13,61.06525213541667,3.7455625000000015
2020-10-14,280.16028121875,6.231250000000002
2020-10-15,220.59665625,5.6322916666666645
2020-10-16,103.94193728124996,4.411458333333331
2020-10-17,9.973956052083313,2.5250000000000004
2020-10-18,0.2745178958333336,2.0604166666666663
2020-10-19,94.48024773958333,3.535416666666667
2020-10-20,470.81725,7.263541666666669
2020-10-21,836.26571875,9.263541666666665
2020-10-22,386.806875,6.951041666666669
2020-10-23,134.45404166666665,5.007291666666668
2020-10-24,591.0028125,8.009729166666665
2020-10-25,742.5895729166666,8.758333333333331
2020-10-26,374.76528125,6.78541666666667
2020-10-27,792.21628125,9.081249999999997
2020-10-28,765.5747083333333,8.923958333333331
2020-10-29,450.94895833333334,7.363541666666667
2020-10-30,343.22358330208334,6.5666666666666655
2020-10-31,281.3107707708333,5.844791666666667
2020-11-01,750.3182708333334,8.873958333333336
2020-11-02,1033.9373645833334,10.545833333333333
2020-11-03,181.41038538541667,5.028125000000002
2020-11-04,71.80173805208331,3.4043958333333335
2020-11-05,308.5797395833333,6.061229166666667
2020-11-06,303.4946354166667,6.0406249999999995
2020-11-07,6.069955895833312,2.2736145833333334
2020-11-08,27.08519569791666,3.222916666666667
2020-11-09,6.793424864583319,2.628125000000001
2020-11-10,-0.43275281249999714,1.6833333333333336
2020-11-11,19.241799614583336,2.3133437499999996
2020-11-12,253.25426041666665,5.704166666666667
2020-11-13,248.47334371875002,5.788541666666668
2020-11-14,345.4290520833333,6.614583333333335
2020-11-15,793.235625,9.153125
2020-11-16,397.52514530208356,7.352895833333334
2020-11-17,182.79819791666665,5.260854166666666
2020-11-18,276.0656142708333,5.703124999999997
2020-11-19,348.12795830208336,6.573958333333333
2020-11-20,33.86769771874999,3.0562500000000004
2020-11-21,205.24717708333336,5.6208333333333345
2020-11-22,151.026375,5.102083333333335
2020-11-23,18.01113758333332,2.9267395833333336
2020-11-24,0.9182887916666669,1.8312499999999998
2020-11-25,62.2058010520834,3.4552083333333337
2020-11-26,1.1094973437500029,2.011458333333334
2020-11-27,4.834205958333329,1.8770833333333334
2020-11-28,203.35235751041668,4.813541666666667
2020-11-29,134.82916690624992,4.421875000000001
2020-11-30,141.15593612499998,3.96875
2020-12-01,6.78618496875,2.8679791666666676
2020-12-02,78.57730095833332,4.080208333333336
2020-12-03,454.99892708333334,7.432291666666657
2020-12-04,351.07956240625003,6.83229166666667
2020-12-05,200.88058323958333,5.508333333333332
2020-12-06,49.873331270833624,3.1343750000000004
2020-12-07,102.86731175000001,4.478479166666664
2020-12-08,137.6270714062498,4.352083333333334
2020-12-09,6.640935187499984,2.767708333333333
2020-12-10,18.536050083333333,3.0729166666666665
2020-12-11,320.0019478125,6.301322916666666
2020-12-12,28.15997801041666,3.133083333333333
2020-12-13,176.22613538541668,5.119333333333333
2020-12-14,357.65775,6.628125000000001
2020-12-15,242.98003109375006,5.660343750000002
2020-12-16,257.790218125,5.523604166666666
2020-12-17,343.09209375,6.609375
2020-12-18,194.9052080520833,5.348958333333335
2020-12-19,583.7130833333333,8.022916666666662
2020-12-20,195.43507291666666,5.629229166666666
2020-12-21,341.7941551724138,6.425862068965517
